{
  "swagger" : "2.0",
  "info" : {
    "version" : "1.0",
    "title" : "Holdings"
  },
  "host" : "mftraining1.konycloud.com/services",
  "basePath" : "/Holdings",
  "tags" : [ {
    "name" : "Holdings",
    "description" : ""
  } ],
  "schemes" : [ "https" ],
  "paths" : {
    "/getAccountsForCustomer" : {
      "post" : {
        "tags" : [ "Holdings" ],
        "summary" : "",
        "operationId" : "getAccountsForCustomer",
        "consumes" : [ "application/json" ],
        "produces" : [ "application/json" ],
        "parameters" : [ {
          "in" : "body",
          "name" : "body",
          "required" : true,
          "schema" : {
            "$ref" : "#/definitions/Request_Holdings_getAccountsForCustomer"
          }
        } ],
        "responses" : {
          "200" : {
            "schema" : {
              "$ref" : "#/definitions/Response_Holdings_getAccountsForCustomer"
            }
          }
        }
      }
    }
  },
  "definitions" : {
    "Request_Holdings_getAccountsForCustomer" : {
      "type" : "object",
      "properties" : {
        "customerId" : {
          "type" : "string",
          "description" : "",
          "default" : "100100"
        }
      }
    },
    "Response_Holdings_getAccountsForCustomer" : {
      "type" : "object",
      "properties" : {
        "opstatus" : {
          "type" : "integer"
        },
        "httpStatusCode" : {
          "type" : "integer"
        },
        "header" : {
          "type" : "object",
          "properties" : {
            "audit" : {
              "type" : "object",
              "properties" : {
                "T24_time" : {
                  "type" : "integer",
                  "description" : ""
                },
                "responseParse_time" : {
                  "type" : "integer",
                  "description" : ""
                },
                "requestParse_time" : {
                  "type" : "integer",
                  "description" : ""
                }
              }
            },
            "page_start" : {
              "type" : "integer",
              "description" : ""
            },
            "page_token" : {
              "type" : "string",
              "description" : ""
            },
            "total_size" : {
              "type" : "integer",
              "description" : ""
            },
            "page_size" : {
              "type" : "integer",
              "description" : ""
            },
            "status" : {
              "type" : "string",
              "description" : ""
            }
          }
        },
        "body" : {
          "type" : "array",
          "items" : {
            "type" : "object",
            "properties" : {
              "totalDepositBalances" : {
                "type" : "integer",
                "description" : ""
              },
              "totalAccountBalances" : {
                "type" : "integer",
                "description" : ""
              },
              "totalLoanBalances" : {
                "type" : "integer",
                "description" : ""
              },
              "products" : {
                "type" : "array",
                "items" : {
                  "type" : "object",
                  "properties" : {
                    "arrangementId" : {
                      "type" : "string",
                      "description" : ""
                    },
                    "companyCode" : {
                      "type" : "string",
                      "description" : ""
                    },
                    "arrangementStatus" : {
                      "type" : "string",
                      "description" : ""
                    },
                    "paidOutAmount" : {
                      "type" : "integer",
                      "description" : ""
                    },
                    "productId" : {
                      "type" : "string",
                      "description" : ""
                    },
                    "outstandingAmount" : {
                      "type" : "integer",
                      "description" : ""
                    },
                    "companyName" : {
                      "type" : "string",
                      "description" : ""
                    },
                    "productGroupId" : {
                      "type" : "string",
                      "description" : ""
                    },
                    "totalPrincipal" : {
                      "type" : "integer",
                      "description" : ""
                    },
                    "productGroupName" : {
                      "type" : "string",
                      "description" : ""
                    },
                    "accountIBAN" : {
                      "type" : "string",
                      "description" : ""
                    },
                    "shortTitle" : {
                      "type" : "string",
                      "description" : ""
                    },
                    "availableBalanceWithLimit" : {
                      "type" : "integer",
                      "description" : ""
                    },
                    "sortCode" : {
                      "type" : "string",
                      "description" : ""
                    },
                    "availableBalance" : {
                      "type" : "integer",
                      "description" : ""
                    },
                    "accountId" : {
                      "type" : "string",
                      "description" : ""
                    },
                    "workingBalance" : {
                      "type" : "integer",
                      "description" : ""
                    },
                    "onlineActualBalance" : {
                      "type" : "integer",
                      "description" : ""
                    },
                    "productLineName" : {
                      "type" : "string",
                      "description" : ""
                    },
                    "currencyId" : {
                      "type" : "string",
                      "description" : ""
                    },
                    "openingDate" : {
                      "type" : "string",
                      "description" : ""
                    },
                    "productDescription" : {
                      "type" : "string",
                      "description" : ""
                    },
                    "categoryId" : {
                      "type" : "string",
                      "description" : ""
                    }
                  }
                }
              },
              "productLineId" : {
                "type" : "string",
                "description" : ""
              }
            }
          }
        }
      }
    }
  }
}