{
    "AS_Button_a7ea61ee51ab475f9e59ac1096b1d1b1": {
        "id": "AS_Button_a7ea61ee51ab475f9e59ac1096b1d1b1",
        "type": "ACTION_SEQUENCE",
        "params": [{
            "datatype": "collection",
            "name": "eventobject"
        }],
        "contextObj": {
            "name": "userwidgetmodel",
            "type": "userwidgets",
            "KUID": "ub3692e7d4a344b8b33b0ab15abea667"
        },
        "language": "js",
        "actions": [{
            "id": "INVOKE_FUNCTION__dd9f1a3fd4204f3e9b77e471178a4859",
            "type": "INVOKE_FUNCTION",
            "sequenceKUID": "login",
            "display": "login",
            "inputparams": [],
            "parentId": null,
            "callbackType": null,
            "disabled": null,
            "source": "controller"
        }]
    }
}