{
    "DNDConfig": null,
    "_height_": {
        "type": "string",
        "value": "50dp"
    },
    "_left_": {
        "type": "string",
        "value": "0dp"
    },
    "_margin_": [
        0,
        0,
        0,
        0
    ],
    "_orientation_": 6,
    "_padding_": [
        0,
        0,
        0,
        0
    ],
    "_percent_": true,
    "_skin_": "s1d765921ac64c729947c08fe03af0a8",
    "_top_": {
        "type": "string",
        "value": "0dp"
    },
    "_width_": {
        "type": "string",
        "value": "100%"
    },
    "allboxes": [],
    "autogrowmode": 0,
    "canUpdateUI": true,
    "children": [
        "lblSectionHeader"
    ],
    "clipbounds": false,
    "containerId": true,
    "containerweight": 100,
    "controllerInfo": {
        "default": {
            "channel": "desktop",
            "name": "flexSegSectionHeaderController"
        }
    },
    "enablescrolling": true,
    "id": "flexSegSectionHeader",
    "info": null,
    "iscustomlayout": false,
    "isvisible": true,
    "kuid": "g1ec4c6ed26f4f2a842011b82f3e1ca9",
    "layouttype": 2,
    "name": "kony.ui.FlexContainer",
    "parent": "tplSegSectionHeader",
    "pf": "tplSegSectionHeader",
    "retaincontentalignment": false,
    "retainflexpositionproperties": false,
    "retainflowhorizontalalignment": false,
    "snapgridsize": 10,
    "snaptogrid": true,
    "wType": "FlexContainer",
    "widgetalignment": 1
}