{
    "DNDConfig": null,
    "_height_": {
        "type": "string",
        "value": "75dp"
    },
    "_margin_": [
        0,
        0,
        0,
        0
    ],
    "_orientation_": 6,
    "_padding_": [
        0,
        0,
        0,
        0
    ],
    "_percent_": true,
    "_skin_": "saddfd6d12f6488b875927986f24fb2e",
    "_width_": {
        "type": "string",
        "value": "100%"
    },
    "allboxes": [],
    "autogrowmode": 0,
    "canUpdateUI": true,
    "children": [
        "lblHeading",
        "lblDescription",
        "lblTime",
        "lblStrip"
    ],
    "clipbounds": true,
    "containerId": true,
    "containerweight": 100,
    "controllerInfo": {
        "default": {
            "channel": "tablet",
            "name": "flxSampleRowTemplateController"
        }
    },
    "enablescrolling": true,
    "id": "flxSampleRowTemplate",
    "info": null,
    "isTemplate": true,
    "isvisible": true,
    "kuid": "ea09e34b1b454ddb965b4adb5f771aba",
    "layouttype": 2,
    "name": "kony.ui.FlexContainer",
    "parent": "SampleRowTemplate",
    "pf": "SampleRowTemplate",
    "snapgridsize": 10,
    "snaptogrid": true,
    "wType": "FlexContainer",
    "widgetalignment": 1
}