{
    "AS_UWI_f924c88ce17247ad9d7763d23264798e": {
        "id": "AS_UWI_f924c88ce17247ad9d7763d23264798e",
        "type": "ACTION_SEQUENCE",
        "params": [],
        "contextObj": {
            "name": "frmLogin",
            "type": "forms",
            "platform": "",
            "KUID": "i1507eed58f04c8a9927e2e004373a4c"
        },
        "language": "js",
        "actions": [{
            "id": "INVOKE_FUNCTION__c487b986d7434653ae9889eca39b59ef",
            "type": "INVOKE_FUNCTION",
            "sequenceKUID": "loginSuccessHandler",
            "display": "loginSuccessHandler",
            "inputparams": [],
            "parentId": null,
            "callbackType": null,
            "disabled": null,
            "source": "controller"
        }]
    }
}