{
    "@class": "com.kony.gen.viz.model.component.KVizLabel",
    "DNDConfig": null,
    "__parentReadjusting__": false,
    "_height_": {
        "type": "ref",
        "value": "preferred"
    },
    "_margin_": [
        1,
        1,
        1,
        1
    ],
    "_padding_": [
        0,
        0,
        0,
        0
    ],
    "_right_": {
        "type": "string",
        "value": "9%"
    },
    "_skin_": "sb7c251284d648e48364fc977ccd31d6",
    "_text_": "Timestamp",
    "_top_": {
        "type": "string",
        "value": "10%"
    },
    "_width_": {
        "type": "ref",
        "value": "preferred"
    },
    "_wrapping_": 2,
    "android": {
        "textStyle": {
            "letterSpacing": 0,
            "strikeThrough": false
        }
    },
    "canUpdateUI": true,
    "containerId": true,
    "containerweight": 100,
    "contentalignment": 4,
    "id": "lblTime",
    "info": null,
    "ipad": {
        "psp": {
            "wrapping": 2
        }
    },
    "iphone": {
        "psp": {
            "wrapping": 2
        }
    },
    "isvisible": true,
    "kuid": "c80f8c492f3f46579beed0e756613c81",
    "name": "kony.ui.Label",
    "parent": "flxSampleRowTemplate",
    "pf": "SampleRowTemplate",
    "textstyle": {},
    "tooltip": "",
    "wType": "Label",
    "zindex": 1
}