{
    "@class": "com.kony.gen.viz.model.container.KVizScrollFlexForm",
    "DNDConfig": null,
    "_margin_": [
        0,
        0,
        0,
        0
    ],
    "_orientation_": 1,
    "_padding_": [
        0,
        0,
        0,
        0
    ],
    "_percent_": true,
    "_skin_": "sded78fa02d44386bce7df8d87e4d7f8",
    "_title_": null,
    "addWidgetsdone": false,
    "allboxes": [],
    "canUpdateUI": true,
    "children": [
        "flxSampleRowTemplate"
    ],
    "containerId": true,
    "containerweight": 100,
    "currentLocale": "default",
    "device": "mssurf",
    "displayorientation": 3,
    "enabledforidletimeout": false,
    "id": "SampleRowTemplate",
    "info": null,
    "initdone": false,
    "inputaccessoryviewtype": 4,
    "intransitionconfig": {
        "formTransition": "None"
    },
    "isSampleTemplate": true,
    "isvisible": true,
    "kuid": "f285743a0e904b18a6eee4db9d83fc48",
    "name": "kony.ui.Form2",
    "needappmenu": true,
    "outtransitionconfig": {
        "formTransition": "None"
    },
    "paddinginpixel": false,
    "platform": "windows8",
    "prevDevice": "iPad3",
    "prevPlatform": "ipad",
    "retainscrollposition": false,
    "shellCSS": "win8_mssurf",
    "titleBarSkin": "s1e83989032d483380543c4a1dc594f6",
    "titlebar": true,
    "type": 3,
    "wType": "Form"
}