{
    "@class": "com.kony.gen.viz.model.component.KVizImage2",
    "DNDConfig": null,
    "_base64_": null,
    "_height_": {
        "type": "string",
        "value": "100%"
    },
    "_left_": {
        "type": "string",
        "value": "602dp"
    },
    "_margin_": [
        0,
        0,
        0,
        0
    ],
    "_padding_": [
        0,
        0,
        0,
        0
    ],
    "_skin_": "s64f8a2dfb4c4621bbcdeaa3f74c2585",
    "_src_": "logo.png",
    "_top_": {
        "type": "string",
        "value": "31dp"
    },
    "_width_": {
        "type": "string",
        "value": "100%"
    },
    "canUpdateUI": true,
    "centerx": {
        "type": "string",
        "value": "50%"
    },
    "centery": {
        "type": "string",
        "value": "50%"
    },
    "containerweight": 100,
    "id": "imgLogo",
    "imagescalemode": 1,
    "info": null,
    "iscustomlayout": false,
    "isvisible": true,
    "kuid": "d61f3648f9a94ecd850b0867c817547a",
    "name": "kony.ui.Image2",
    "parent": "formheader",
    "pf": "userwidgetmodel",
    "retaincontentalignment": false,
    "retainflexpositionproperties": false,
    "srcType": 1,
    "wType": "Image",
    "widgetalignment": 5,
    "zindex": 1
}