{
    "@class": "com.kony.gen.viz.model.component.KVizUserWidget",
    "DNDConfig": null,
    "_children_": [],
    "_height_": {
        "type": "string",
        "value": "500dp"
    },
    "_left_": {
        "type": "string",
        "value": "0dp"
    },
    "_margin_": [
        0,
        0,
        0,
        0
    ],
    "_orientation_": 1,
    "_padding_": [
        0,
        0,
        0,
        0
    ],
    "_percent_": true,
    "_skin_": "s1d765921ac64c729947c08fe03af0a8",
    "_top_": {
        "type": "string",
        "value": "0dp"
    },
    "_width_": {
        "type": "string",
        "value": "600dp"
    },
    "canUpdateUI": true,
    "centerx": {
        "type": "string",
        "value": "50%"
    },
    "centery": {
        "type": "string",
        "value": "50%"
    },
    "containerweight": 0,
    "data": {
        "ide_loginFailureCallback": "AS_UWI_j7f7ad1361914ee2af34bb7203e0798c",
        "ide_loginSuccessCallback": "AS_UWI_f924c88ce17247ad9d7763d23264798e",
        "identityServiceName": "IdentityUserRepository"
    },
    "id": "login",
    "info": null,
    "iscustomlayout": false,
    "isvisible": true,
    "kuid": "h3677c9be87041469c1797dfb853ec18",
    "masterType": 1,
    "name": "kony.ui.UserWidgetInstance",
    "parent": "frmLogin",
    "pf": "frmLogin",
    "retaincontentalignment": false,
    "retainflexpositionproperties": false,
    "retainflowhorizontalalignment": false,
    "sourceUserWidget": "a602ec7e9d3d4cab8d496001bd2a9005",
    "wType": "UserWidgetInstance",
    "zindex": 1
}