{
    "classname": "login",
    "definitions": {
        "apis": {
            "custom": [
                {
                    "group": "General",
                    "kuid": "b9a5c969243944cf9e4cfccb295b5422",
                    "paramList": [],
                    "propertyKey": "isRememberMeChecked",
                    "pw": {
                        "displayName": "isRememberMeChecked",
                        "uiRepresentation": "Label-Label-Button-Button"
                    },
                    "srcWgtKUID": "a602ec7e9d3d4cab8d496001bd2a9005",
                    "type": "event"
                }
            ],
            "passthrough": []
        },
        "events": {
            "custom": [
                {
                    "group": "Login component actions",
                    "kuid": "hdad300b003b4880a6536ad519868505",
                    "paramList": [],
                    "propertyIndex": 1,
                    "propertyKey": "loginSuccessCallback",
                    "pw": {
                        "displayName": "loginSuccessCallback",
                        "toolTip": "This is an action through which you can define successcallback to the login service call",
                        "uiRepresentation": "Label-Label-Button-Button"
                    },
                    "srcWgtKUID": "a602ec7e9d3d4cab8d496001bd2a9005",
                    "type": "event"
                },
                {
                    "group": "Login component actions",
                    "kuid": "c1214dbad8c54dfebbaef5e8d1fb10fa",
                    "paramList": [],
                    "propertyIndex": 2,
                    "propertyKey": "loginFailureCallback",
                    "pw": {
                        "displayName": "loginFailureCallback",
                        "toolTip": "This is an action through which you can define failurecallback to the login service call",
                        "uiRepresentation": "Label-Label-Button-Button"
                    },
                    "srcWgtKUID": "a602ec7e9d3d4cab8d496001bd2a9005",
                    "type": "event"
                }
            ],
            "passthrough": []
        },
        "groups": {
            "apis": [
                "General"
            ],
            "events": [
                "Login component actions"
            ],
            "properties": [
                "Login component properties"
            ],
            "widgets": []
        },
        "properties": {
            "custom": [
                {
                    "access": "Write",
                    "defaultValue": "",
                    "group": "Login component properties",
                    "kuid": "g5f99e70ff06487399ec77b02faa79f3",
                    "originalPropertyKey": "identityServiceName",
                    "propertyIndex": 1,
                    "propertyKey": "identityServiceName",
                    "pw": {
                        "dependencyConditions": {},
                        "displayName": "Identity Service Name",
                        "toolTip": "This property holds the identity service name.",
                        "uiRepresentation": "Label-Textbox"
                    },
                    "srcWgtKUID": "a602ec7e9d3d4cab8d496001bd2a9005",
                    "type": "string",
                    "value": ""
                }
            ],
            "passthrough": []
        },
        "widgets": {
            "expose": [],
            "passthrough": []
        }
    },
    "namespace": "com.edification",
    "version": "1.0.0"
}