{
    "@class": "com.kony.gen.viz.model.component.KVizCheckBox",
    "DNDConfig": null,
    "_height_": {
        "type": "string",
        "value": "50%"
    },
    "_left_": {
        "type": "string",
        "value": "10dp"
    },
    "_margin_": [
        0,
        0,
        0,
        0
    ],
    "_padding_": [
        0,
        0,
        0,
        0
    ],
    "_skin_": "s6eb8d0b89a7446ca6d2353da3d651fc",
    "_width_": {
        "type": "string",
        "value": "50%"
    },
    "canUpdateUI": true,
    "centery": {
        "type": "string",
        "value": "50%"
    },
    "containerweight": 100,
    "id": "chbxRememberMe",
    "info": null,
    "ipad": {
        "psp": {
            "viewType": 4
        }
    },
    "iphone": {
        "psp": {
            "viewType": 4
        }
    },
    "iscustomlayout": false,
    "isvisible": true,
    "itemorientation": "vertical",
    "kuid": "g2d1e7ad84254f70835a0c13f6e3f03b",
    "masterdata": [
        [
            "rememberMe",
            "Remember Me"
        ]
    ],
    "name": "kony.ui.CheckBoxGroup",
    "orientation": "vertical",
    "parent": "flexRememberAndForGotPasswordOptions",
    "pf": "userwidgetmodel",
    "retaincontentalignment": false,
    "retainflexpositionproperties": false,
    "selectedkey": null,
    "selectedkeys": [],
    "selectedkeyvalue": null,
    "selectedkeyvalues": null,
    "size": 18,
    "viewtype": 0,
    "wType": "CheckBoxGroup",
    "widgetalignment": 5,
    "zindex": 1
}