<?xml version="1.0" encoding="UTF-8" standalone="yes"?>
<endpoint name="default" dataAdapterId="4" type="CustomDataAdapter" encryptSecureInfo="false">
    <config>
        <entry>
            <key>http_auth_mode</key>
            <value>none</value>
        </entry>
        <entry>
            <key>basePath</key>
            <value>/Holdings</value>
        </entry>
        <entry>
            <key>scheme</key>
            <value>https</value>
        </entry>
        <entry>
            <key>zipName</key>
            <value>Holdings1.0.json</value>
        </entry>
        <entry>
            <key>identityProviderType</key>
        </entry>
        <entry>
            <key>hostURL</key>
            <value>mftraining1.konycloud.com/services</value>
        </entry>
        <entry>
            <key>identityProvider</key>
        </entry>
        <entry>
            <key>authservicetype</key>
            <value>IdentityProvider</value>
        </entry>
    </config>
    <apiThrottling/>
    <jsonpath>false</jsonpath>
</endpoint>
